genus,family
Ablepharus,Scincidae
Abronia,Anguidae
Acanthocercus,Agamidae
Acanthodactylus,Lacertidae
Acanthophis,Elapidae
Acanthosaura,Agamidae
Achalinus,Xenodermidae
Acontias,Scincidae
Acrantophis,Boidae
Acratosaura,Gymnophthalmidae
Acrochordus,Acrochordidae
Acutotyphlops,Typhlopidae
Adelophis,Colubridae
Adelphicos,Colubridae
Adercosaurus,Gymnophthalmidae
Adolfus,Lacertidae
Aeluroglena,Colubridae
Aeluroscalabotes,Eublepharidae
Afroablepharus,Scincidae
Afroedura,Gekkonidae
Afrogecko,Gekkonidae
Afronatrix,Colubridae
Afrotyphlops,Typhlopidae
Agama,Agamidae
Agamodon,Trogonophidae
Agamura,Gekkonidae
Agkistrodon,Viperidae
Ahaetulla,Colubridae
Ailuronyx,Gekkonidae
Aipysurus,Elapidae
Alexandresaurus,Gymnophthalmidae
Algyroides,Lacertidae
Alinea,Scincidae
Alluaudina,Pseudoxyrhophiidae
Alopoglossus,Alopoglossidae
Alsophis,Colubridae
Alsophylax,Gekkonidae
Altiphylax,Gekkonidae
Amalosia,Diplodactylidae
Amapasaurus,Gymnophthalmidae
Amastridium,Colubridae
Amblyodipsas,Atractaspididae
Amblyrhynchus,Iguanidae
Ameiva,Teiidae
Ameivula,Teiidae
Amerotyphlops,Typhlopidae
Amnesteophis,Colubridae
Amphibolurus,Agamidae
Amphiesma,Colubridae
Amphiesmoides,Colubridae
Amphiglossus,Scincidae
Amphisbaena,Amphisbaenidae
Amplorhinus,Pseudoxyrhophiidae
Anadia,Gymnophthalmidae
Anatololacerta,Lacertidae
Ancylocranium,Amphisbaenidae
Androngo,Scincidae
Anelytropsis,Dibamidae
Anepischetosia,Scincidae
Anguis,Anguidae
Anilios,Typhlopidae
Anilius,Aniliidae
Anisolepis,Leiosauridae
Anniella,Anguidae
Anolis,Dactyloidae
Anomalepis,Anomalepididae
Anomalopus,Scincidae
Anomochilus,Anomochilidae
Anoplohydrus,Colubridae
Anotosaura,Gymnophthalmidae
Antaresia,Pythonidae
Aparallactus,Atractaspididae
Apathya,Lacertidae
Aphaniotis,Agamidae
Aplopeltura,Pareidae
Apostolepis,Colubridae
Aprasia,Pygopodidae
Aprosdoketophis,Colubridae
Archaeolacerta,Lacertidae
Archaius,Chamaeleonidae
Archelaphe,Colubridae
Argyrogena,Colubridae
Argyrophis,Typhlopidae
Aristelliger,Sphaerodactylidae
Arizona,Colubridae
Arrhyton,Colubridae
Arthrosaura,Gymnophthalmidae
Asaccus,Phyllodactylidae
Aspidelaps,Elapidae
Aspidites,Pythonidae
Aspidomorphus,Elapidae
Aspidoscelis,Teiidae
Aspidura,Colubridae
Aspronema,Scincidae
Asthenodipsas,Pareidae
Asymblepharus,Scincidae
Ateuchosaurus,Scincidae
Atheris,Viperidae
Atlantolacerta,Lacertidae
Atractaspis,Atractaspididae
Atractus,Colubridae
Atretium,Colubridae
Atropoides,Viperidae
Aurivela,Teiidae
Australolacerta,Lacertidae
Austrelaps,Elapidae
Azemiops,Viperidae
Bachia,Gymnophthalmidae
Baikia,Amphisbaenidae
Balanophis,Colubridae
Bamanophis,Colubridae
Barisia,Anguidae
Barkudia,Scincidae
Basiliscus,Corytophanidae
Bassiana,Scincidae
Bavayia,Diplodactylidae
Bellatorias,Scincidae
Bipes,Bipedidae
Bitia,Homalopsidae
Bitis,Viperidae
Blaesodactylus,Gekkonidae
Blanus,Blanidae
Blythia,Colubridae
Boa,Boidae
Boaedon,Lamprophiidae
Bogertophis,Colubridae
Boiga,Colubridae
Boiruna,Colubridae
Bolyeria,Bolyeriidae
Borikenophis,Colubridae
Bothriechis,Viperidae
Bothrochilus,Pythonidae
Bothrocophias,Viperidae
Bothrolycus,Lamprophiidae
Bothrophthalmus,Lamprophiidae
Bothrops,Viperidae
Brachylophus,Iguanidae
Brachymeles,Scincidae
Brachyophidium,Uropeltidae
Brachyophis,Atractaspididae
Brachyorrhos,Homalopsidae
Brachysaura,Agamidae
Brachyurophis,Elapidae
Bradypodion,Chamaeleonidae
Brasiliscincus,Scincidae
Broadleysaurus,Gerrhosauridae
Bronchocela,Agamidae
Brookesia,Chamaeleonidae
Brygophis,Pseudoxyrhophiidae
Bufoniceps,Agamidae
Buhoma,Lamprophiidae
Bungarus,Elapidae
Bunopus,Gekkonidae
Caaeteboia,Colubridae
Cacophis,Elapidae
Cadea,Cadeidae
Calabaria,Boidae
Calamaria,Colubridae
Calamodontophis,Colubridae
Calamophis,Homalopsidae
Calamorhabdium,Colubridae
Caledoniscincus,Scincidae
Calliophis,Elapidae
Callisaurus,Phrynosomatidae
Callopistes,Teiidae
Calloselasma,Viperidae
Calodactylodes,Gekkonidae
Calotes,Agamidae
Calumma,Chamaeleonidae
Calyptommatus,Gymnophthalmidae
Calyptotis,Scincidae
Candoia,Boidae
Cantoria,Homalopsidae
Caparaonia,Gymnophthalmidae
Capitellum,Scincidae
Caraiba,Colubridae
Carlia,Scincidae
Carphodactylus,Carphodactylidae
Carphophis,Colubridae
Casarea,Bolyeriidae
Cathetorhinus,Gerrhopilidae
Causus,Viperidae
Celatiscincus,Scincidae
Celestus,Diploglossidae
Cemophora,Colubridae
Cerastes,Viperidae
Ceratophora,Agamidae
Cerberus,Homalopsidae
Cercophis,Colubridae
Cercosaura,Gymnophthalmidae
Cerrophidion,Viperidae
Chabanaudia,Scincidae
Chalarodon,Opluridae
Chalcides,Scincidae
Chalcidoseps,Scincidae
Chamaeleo,Chamaeleonidae
Chamaelycus,Lamprophiidae
Chamaesaura,Cordylidae
Chapinophis,Colubridae
Charina,Boidae
Chatogekko,Sphaerodactylidae
Chelosania,Agamidae
Chersodromus,Colubridae
Chilabothrus,Boidae
Chilomeniscus,Colubridae
Chilorhinophis,Atractaspididae
Chionactis,Colubridae
Chioninia,Scincidae
Chirindia,Amphisbaenidae
Chironius,Colubridae
Chlamydosaurus,Agamidae
Chondrodactylus,Gekkonidae
Christinus,Gekkonidae
Chrysopelea,Colubridae
Clelia,Colubridae
Clonophis,Colubridae
Cnemaspis,Gekkonidae
Cnemidophorus,Teiidae
Coelognathus,Colubridae
Coeranoscincus,Scincidae
Coggeria,Scincidae
Coleodactylus,Sphaerodactylidae
Coleonyx,Eublepharidae
Collorhabdium,Colubridae
Colobodactylus,Gymnophthalmidae
Colobosaura,Gymnophthalmidae
Colobosauroides,Gymnophthalmidae
Coloptychon,Anguidae
Colopus,Gekkonidae
Coluber,Colubridae
Colubroelaps,Colubridae
Complicitus,Agamidae
Compsophis,Pseudoxyrhophiidae
Concinnia,Scincidae
Congolacerta,Lacertidae
Coniophanes,Colubridae
Conolophus,Iguanidae
Conophis,Colubridae
Conopsis,Colubridae
Contia,Colubridae
Contomastix,Teiidae
Copeoglossum,Scincidae
Cophosaurus,Phrynosomatidae
Cophoscincopus,Scincidae
Cophotis,Agamidae
Corallus,Boidae
Cordylosaurus,Gerrhosauridae
Cordylus,Cordylidae
Coronelaps,Colubridae
Coronella,Colubridae
Correlophus,Diplodactylidae
Corucia,Scincidae
Coryphophylax,Agamidae
Corytophanes,Corytophanidae
Crenadactylus,Diplodactylidae
Cricosaura,Xantusiidae
Crisantophis,Colubridae
Crocodilurus,Teiidae
Crossobamon,Gekkonidae
Crotalus,Viperidae
Crotaphopeltis,Colubridae
Crotaphytus,Crotaphytidae
Cryophis,Colubridae
Cryptactites,Gekkonidae
Cryptagama,Agamidae
Cryptoblepharus,Scincidae
Cryptophis,Elapidae
Ctenoblepharys,Liolaemidae
Ctenophorus,Agamidae
Ctenosaura,Iguanidae
Ctenotus,Scincidae
Cubophis,Colubridae
Cyclocorus,Cyclocoridae
Cyclodomorphus,Scincidae
Cyclophiops,Colubridae
Cyclotyphlops,Typhlopidae
Cyclura,Iguanidae
Cylindrophis,Cylindrophiidae
Cynisca,Amphisbaenidae
Cyrtodactylus,Gekkonidae
Cyrtopodion,Gekkonidae
Daboia,Viperidae
Dactylocnemis,Diplodactylidae
Dalmatolacerta,Lacertidae
Dalophia,Amphisbaenidae
Darevskia,Lacertidae
Dasia,Scincidae
Dasypeltis,Colubridae
Deinagkistrodon,Viperidae
Delma,Pygopodidae
Demansia,Elapidae
Dendragama,Agamidae
Dendrelaphis,Colubridae
Dendroaspis,Elapidae
Dendrolycus,Lamprophiidae
Dendrophidion,Colubridae
Denisonia,Elapidae
Diadophis,Colubridae
Diaphorolepis,Colubridae
Dibamus,Dibamidae
Dicrodon,Teiidae
Dierogekko,Diplodactylidae
Dieurostus,Homalopsidae
Dinarolacerta,Lacertidae
Diplodactylus,Diplodactylidae
Diploglossus,Diploglossidae
Diplolaemus,Leiosauridae
Diplometopon,Trogonophidae
Diporiphora,Agamidae
Dipsadoboa,Colubridae
Dipsas,Colubridae
Dipsina,Psammophiidae
Dipsosaurus,Iguanidae
Dispholidus,Colubridae
Ditaxodon,Colubridae
Ditypophis,Pseudoxyrhophiidae
Dixonius,Gekkonidae
Djokoiskandarus,Homalopsidae
Dolichophis,Colubridae
Dopasia,Anguidae
Dracaena,Teiidae
Draco,Agamidae
Drepanoides,Colubridae
Dromicodryas,Pseudoxyrhophiidae
Dryadosaura,Gymnophthalmidae
Drymarchon,Colubridae
Drymobius,Colubridae
Drymoluber,Colubridae
Dryocalamus,Colubridae
Dryophiops,Colubridae
Drysdalia,Elapidae
Duberria,Pseudoxyrhophiidae
Ebenavia,Gekkonidae
Echinanthera,Colubridae
Echinosaura,Gymnophthalmidae
Echiopsis,Elapidae
Echis,Viperidae
Ecpleopus,Gymnophthalmidae
Egernia,Scincidae
Eirenis,Colubridae
Elachistodon,Colubridae
Elaphe,Colubridae
Elapognathus,Elapidae
Elapoidis,Colubridae
Elapomorphus,Colubridae
Elapotinus,Pseudoxyrhophiidae
Elapsoidea,Elapidae
Elasmodactylus,Gekkonidae
Elgaria,Anguidae
Emmochliophis,Colubridae
Emoia,Scincidae
Emydocephalus,Elapidae
Enhydris,Homalopsidae
Enuliophis,Colubridae
Enulius,Colubridae
Enyalioides,Hoplocercidae
Enyalius,Leiosauridae
Epacrophis,Leptotyphlopidae
Ephalophis,Elapidae
Epicrates,Boidae
Epictia,Leptotyphlopidae
Eremias,Lacertidae
Eremiascincus,Scincidae
Eristicophis,Viperidae
Eroticoscincus,Scincidae
Erpeton,Homalopsidae
Erythrolamprus,Colubridae
Eryx,Boidae
Etheridgeum,Colubridae
Eublepharis,Eublepharidae
Eugongylus,Scincidae
Eulamprus,Scincidae
Euleptes,Sphaerodactylidae
Eumeces,Scincidae
Eumecia,Scincidae
Eunectes,Boidae
Euprepiophis,Colubridae
Eurolophosaurus,Tropiduridae
Eurydactylodes,Diplodactylidae
Eurylepis,Scincidae
Euspondylus,Gymnophthalmidae
Eutrachelophis,Colubridae
Eutropis,Scincidae
Exila,Scincidae
Exiliboa,Boidae
Farancia,Colubridae
Ferania,Homalopsidae
Feylinia,Scincidae
Ficimia,Colubridae
Fimbrios,Xenodermidae
Fojia,Scincidae
Fordonia,Homalopsidae
Furcifer,Chamaeleonidae
Furina,Elapidae
Gallotia,Lacertidae
Gambelia,Crotaphytidae
Garthia,Phyllodactylidae
Garthius,Viperidae
Gastropholis,Lacertidae
Geagras,Colubridae
Geckolepis,Gekkonidae
Gehyra,Gekkonidae
Gekko,Gekkonidae
Geocalamus,Amphisbaenidae
Geomyersia,Scincidae
Geophis,Colubridae
Geoscincus,Scincidae
Gerarda,Homalopsidae
Gerrhonotus,Anguidae
Gerrhopilus,Gerrhopilidae
Gerrhosaurus,Gerrhosauridae
Glaphyromorphus,Scincidae
Gloydius,Viperidae
Goggia,Gekkonidae
Gomesophis,Colubridae
Gonatodes,Sphaerodactylidae
Gongylomorphus,Scincidae
Gongylosoma,Colubridae
Gonionotophis,Lamprophiidae
Goniurosaurus,Eublepharidae
Gonocephalus,Agamidae
Gonyosoma,Colubridae
Graciliscincus,Scincidae
Grayia,Colubridae
Grypotyphlops,Typhlopidae
Gyalopion,Colubridae
Gyiophis,Homalopsidae
Gymnodactylus,Phyllodactylidae
Gymnophthalmus,Gymnophthalmidae
Haackgreerius,Scincidae
Haemodracon,Phyllodactylidae
Haitiophis,Colubridae
Hakaria,Scincidae
Hapsidophrys,Colubridae
Harpesaurus,Agamidae
Harrisoniascincus,Scincidae
Hebius,Colubridae
Helicops,Colubridae
Heliobolus,Lacertidae
Hellenolacerta,Lacertidae
Helminthophis,Anomalepididae
Heloderma,Helodermatidae
Helophis,Colubridae
Hemachatus,Elapidae
Hemerophis,Colubridae
Hemiaspis,Elapidae
Hemibungarus,Elapidae
Hemicordylus,Cordylidae
Hemidactylus,Gekkonidae
Hemiergis,Scincidae
Hemiphyllodactylus,Gekkonidae
Hemirhagerrhis,Psammophiidae
Hemisphaeriodon,Scincidae
Hemitheconyx,Eublepharidae
Hemorrhois,Colubridae
Herpetoreas,Colubridae
Hesperoedura,Diplodactylidae
Heterodactylus,Gymnophthalmidae
Heterodon,Colubridae
Heteroliodon,Pseudoxyrhophiidae
Heteronotia,Gekkonidae
Heurnia,Homalopsidae
Hierophis,Colubridae
Holaspis,Lacertidae
Holbrookia,Phrynosomatidae
Holcosus,Teiidae
Holodactylus,Eublepharidae
Hologerrhum,Cyclocoridae
Homalophis,Homalopsidae
Homalopsis,Homalopsidae
Homonota,Phyllodactylidae
Homopholis,Gekkonidae
Homoroselaps,Atractaspididae
Hoplocephalus,Elapidae
Hoplocercus,Hoplocercidae
Hoplodactylus,Diplodactylidae
Hormonotus,Lamprophiidae
Hydrablabes,Colubridae
Hydraethiops,Colubridae
Hydrelaps,Elapidae
Hydrodynastes,Colubridae
Hydromorphus,Colubridae
Hydrophis,Elapidae
Hydrops,Colubridae
Hydrosaurus,Agamidae
Hypnale,Viperidae
Hypoptophis,Atractaspididae
Hypsicalotes,Agamidae
Hypsiglena,Colubridae
Hypsilurus,Agamidae
Hypsirhynchus,Colubridae
Hypsiscopus,Homalopsidae
Ialtris,Colubridae
Iberolacerta,Lacertidae
Ichnotropis,Lacertidae
Iguana,Iguanidae
Iguanognathus,Colubridae
Imantodes,Colubridae
Indotyphlops,Typhlopidae
Insulasaurus,Scincidae
Intellagama,Agamidae
Inyoka,Lamprophiidae
Iphisa,Gymnophthalmidae
Iranolacerta,Lacertidae
Isopachys,Scincidae
Ithycyphus,Pseudoxyrhophiidae
Janetaescincus,Scincidae
Japalura,Agamidae
Jarujinia,Scincidae
Kaestlea,Scincidae
Kaieteurosaurus,Gymnophthalmidae
Kanakysaurus,Scincidae
Karnsophis,Homalopsidae
Karusasaurus,Cordylidae
Kentropyx,Teiidae
Kinyongia,Chamaeleonidae
Kolekanos,Gekkonidae
Kolpophis,Hydrophiidae
Kualatahan,Homalopsidae
Lacerta,Lacertidae
Lacertaspis,Scincidae
Lacertoides,Scincidae
Lachesis,Viperidae
Laemanctus,Corytophanidae
Lamprolepis,Scincidae
Lampropeltis,Colubridae
Lamprophis,Lamprophiidae
Lampropholis,Scincidae
Langaha,Pseudoxyrhophiidae
Lankascincus,Scincidae
Lanthanotus,Lanthanotidae
Larutia,Scincidae
Latastia,Lacertidae
Laticauda,Elapidae
Laudakia,Agamidae
Leiocephalus,Leiocephalidae
Leioheterodon,Pseudoxyrhophiidae
Leiolepis,Agamidae
Leiolopisma,Scincidae
Leiopython,Pythonidae
Leiosaurus,Leiosauridae
Lemuriatyphlops,Typhlopidae
Lepidoblepharis,Sphaerodactylidae
Lepidodactylus,Gekkonidae
Lepidophyma,Xantusiidae
Lepidothyris,Scincidae
Leposoma,Gymnophthalmidae
Leptodeira,Colubridae
Leptodrymus,Colubridae
Leptophis,Colubridae
Leptoseps,Scincidae
Leptosiaphos,Scincidae
Leptotyphlops,Leptotyphlopidae
Lepturophis,Colubridae
Lerista,Scincidae
Letheobia,Typhlopidae
Lialis,Pygopodidae
Liasis,Pythonidae
Liburnascincus,Scincidae
Lichanura,Boidae
Limnophis,Colubridae
Lioheterophis,Colubridae
Liolaemus,Liolaemidae
Liopeltis,Colubridae
Liophidium,Pseudoxyrhophiidae
Liopholidophis,Pseudoxyrhophiidae
Liopholis,Scincidae
Lioscincus,Scincidae
Liotyphlops,Anomalepididae
Lipinia,Scincidae
Lissolepis,Scincidae
Lobulia,Scincidae
Lophocalotes,Agamidae
Lophognathus,Agamidae
Loveridgea,Amphisbaenidae
Loveridgelaps,Elapidae
Loxocemus,Loxocemidae
Lucasium,Diplodactylidae
Luperosaurus,Gekkonidae
Lycodon,Colubridae
Lycodonomorphus,Lamprophiidae
Lycodryas,Pseudoxyrhophiidae
Lycognathophis,Colubridae
Lycophidion,Lamprophiidae
Lygisaurus,Scincidae
Lygodactylus,Gekkonidae
Lygophis,Colubridae
Lygosoma,Scincidae
Lyriocephalus,Agamidae
Lytorhynchus,Colubridae
Mabuya,Scincidae
Macrelaps,Atractaspididae
Macrocalamus,Colubridae
Macropholidus,Gymnophthalmidae
Macropisthodon,Colubridae
Macroprotodon,Colubridae
Macrovipera,Viperidae
Madagascarophis,Pseudoxyrhophiidae
Madascincus,Scincidae
Madatyphlops,Typhlopidae
Magliophis,Colubridae
Malayopython,Pythonidae
Malayotyphlops,Typhlopidae
Malpolon,Psammophiidae
Manciola,Scincidae
Manolepis,Colubridae
Mantheyus,Agamidae
Maracaiba,Scincidae
Marinussaurus,Gymnophthalmidae
Marisora,Scincidae
Marmorosphax,Scincidae
Mastigodryas,Colubridae
Matoatoa,Gekkonidae
Matobosaurus,Gerrhosauridae
Mediodactylus,Gekkonidae
Medopheos,Teiidae
Meizodon,Colubridae
Melanophidium,Uropeltidae
Melanoseps,Scincidae
Menetia,Scincidae
Meroles,Lacertidae
Mesalina,Lacertidae
Mesaspis,Anguidae
Mesobaena,Amphisbaenidae
Mesoscincus,Scincidae
Micrablepharus,Gymnophthalmidae
Micrelaps,Atractaspididae
Microgecko,Gekkonidae
Microlophus,Tropiduridae
Micropechis,Elapidae
Micropisthodon,Pseudoxyrhophiidae
Micruroides,Elapidae
Micrurus,Elapidae
Mimophis,Psammophiidae
Mintonophis,Homalopsidae
Miralia,Homalopsidae
Mitophis,Leptotyphlopidae
Mixcoatlus,Viperidae
Mniarogekko,Diplodactylidae
Mochlus,Scincidae
Mokopirirakau,Diplodactylidae
Moloch,Agamidae
Monopeltis,Amphisbaenidae
Montaspis,Lamprophiidae
Montatheris,Viperidae
Montivipera,Viperidae
Morelia,Pythonidae
Morethia,Scincidae
Morunasaurus,Hoplocercidae
Mussurana,Colubridae
Myersophis,Cyclocoridae
Myriopholis,Leptotyphlopidae
Myron,Homalopsidae
Myrrophis,Homalopsidae
Nactus,Gekkonidae
Nadzikambia,Chamaeleonidae
Naja,Elapidae
Namazonurus,Cordylidae
Namibiana,Leptotyphlopidae
Nangura,Scincidae
Nannoscincus,Scincidae
Narudasia,Gekkonidae
Natriciteres,Colubridae
Natrix,Colubridae
Naultinus,Diplodactylidae
Nebulifera,Diplodactylidae
Nephrurus,Carphodactylidae
Nerodia,Colubridae
Nessia,Scincidae
Neusticurus,Gymnophthalmidae
Ninia,Colubridae
Ninurta,Cordylidae
Niveoscincus,Scincidae
Notechis,Elapidae
Nothobachia,Gymnophthalmidae
Nothopsis,Colubridae
Notomabuya,Scincidae
Notoscincus,Scincidae
Nucras,Lacertidae
Oedodera,Diplodactylidae
Oedura,Diplodactylidae
Ogmodon,Elapidae
Oligodon,Colubridae
Oligosoma,Scincidae
Omanosaura,Lacertidae
Omoadiphas,Colubridae
Oocatochus,Colubridae
Opheodrys,Colubridae
Ophidiocephalus,Pygopodidae
Ophiodes,Diploglossidae
Ophiomorus,Scincidae
Ophiophagus,Elapidae
Ophioscincus,Scincidae
Ophisaurus,Anguidae
Ophisops,Lacertidae
Ophryacus,Viperidae
Opisthotropis,Colubridae
Oplurus,Opluridae
Oreocalamus,Colubridae
Oreocryptophis,Colubridae
Orientocoluber,Colubridae
Oriocalotes,Agamidae
Orosaura,Scincidae
Orraya,Carphodactylidae
Orthriophis,Colubridae
Otocryptis,Agamidae
Otosaurus,Scincidae
Ouroborus,Cordylidae
Ovophis,Viperidae
Oxybelis,Colubridae
Oxyrhabdium,Cyclocoridae
Oxyrhopus,Colubridae
Oxyuranus,Elapidae
Pachycalamus,Trogonophidae
Pachydactylus,Gekkonidae
Palleon,Chamaeleonidae
Pamelaescincus,Scincidae
Panaspis,Scincidae
Paniegekko,Diplodactylidae
Panopa,Scincidae
Pantepuisaurus,Gymnophthalmidae
Pantherophis,Colubridae
Papuascincus,Scincidae
Paracontias,Scincidae
Paradelma,Pygopodidae
Parafimbrios,Xenodermidae
Paragehyra,Gekkonidae
Parahelicops,Colubridae
Parahydrophis,Elapidae
Paralaudakia,Agamidae
Paraphimophis,Colubridae
Parapistocalamus,Elapidae
Pararhabdophis,Colubridae
Pararhadinaea,Pseudoxyrhophiidae
Parastenophis,Pseudoxyrhophiidae
Parasuta,Elapidae
Paratapinophis,Colubridae
Pareas,Pareidae
Paroedura,Gekkonidae
Paroplocephalus,Elapidae
Parvilacerta,Lacertidae
Parvoscincus,Scincidae
Pedioplanis,Lacertidae
Perochirus,Gekkonidae
Petracola,Gymnophthalmidae
Petrosaurus,Phrynosomatidae
Phalotris,Colubridae
Phelsuma,Gekkonidae
Philochortus,Lacertidae
Philodryas,Colubridae
Philothamnus,Colubridae
Phimophis,Colubridae
Phisalixella,Pseudoxyrhophiidae
Phoboscincus,Scincidae
Phoenicolacerta,Lacertidae
Pholidobolus,Gymnophthalmidae
Phoxophrys,Agamidae
Phrynocephalus,Agamidae
Phrynosoma,Phrynosomatidae
Phyllodactylus,Phyllodactylidae
Phyllopezus,Phyllodactylidae
Phyllorhynchus,Colubridae
Phyllurus,Carphodactylidae
Phymaturus,Liolaemidae
Physignathus,Agamidae
Phytolopsis,Homalopsidae
Pinoyscincus,Scincidae
Pituophis,Colubridae
Placosoma,Gymnophthalmidae
Plagiopholis,Colubridae
Platyceps,Colubridae
Platyplectrurus,Uropeltidae
Platysaurus,Cordylidae
Plectrurus,Uropeltidae
Plesiodipsas,Colubridae
Plestiodon,Scincidae
Pletholax,Pygopodidae
Plica,Tropiduridae
Pliocercus,Colubridae
Podarcis,Lacertidae
Poecilopholis,Atractaspididae
Pogona,Agamidae
Polemon,Atractaspididae
Polychrus,Polychrotidae
Poromera,Lacertidae
Porthidium,Viperidae
Potamites,Gymnophthalmidae
Prasinohaema,Scincidae
Pristidactylus,Leiosauridae
Pristurus,Sphaerodactylidae
Proablepharus,Scincidae
Proatheris,Viperidae
Procellosaurinus,Gymnophthalmidae
Proctoporus,Gymnophthalmidae
Proscelotes,Scincidae
Prosymna,Prosymnidae
Protobothrops,Viperidae
Psammodromus,Lacertidae
Psammodynastes,Pseudaspididae
Psammophilus,Agamidae
Psammophis,Psammophiidae
Psammophylax,Psammophiidae
Pseudalsophis,Colubridae
Pseudaspis,Pseudaspididae
Pseudechis,Elapidae
Pseudelaphe,Colubridae
Pseudemoia,Scincidae
Pseuderemias,Lacertidae
Pseudoacontias,Scincidae
Pseudoboa,Colubridae
Pseudoboodon,Lamprophiidae
Pseudocalotes,Agamidae
Pseudoceramodactylus,Gekkonidae
Pseudocerastes,Viperidae
Pseudocophotis,Agamidae
Pseudocordylus,Cordylidae
Pseudoeryx,Colubridae
Pseudoferania,Homalopsidae
Pseudoficimia,Colubridae
Pseudogekko,Gekkonidae
Pseudogonatodes,Sphaerodactylidae
Pseudohaje,Elapidae
Pseudoleptodeira,Colubridae
Pseudonaja,Elapidae
Pseudopus,Anguidae
Pseudorabdion,Colubridae
Pseudothecadactylus,Diplodactylidae
Pseudotomodon,Colubridae
Pseudotrapelus,Agamidae
Pseudotyphlops,Uropeltidae
Pseudoxenodon,Colubridae
Pseudoxyrhopus,Pseudoxyrhophiidae
Pseustes,Colubridae
Psilophthalmus,Gymnophthalmidae
Psomophis,Colubridae
Psychosaura,Scincidae
Ptenopus,Gekkonidae
Ptyas,Colubridae
Ptychoglossus,Alopoglossidae
Ptychophis,Colubridae
Ptychozoon,Gekkonidae
Ptyctolaemus,Agamidae
Ptyodactylus,Phyllodactylidae
Pygmaeascincus,Scincidae
Pygomeles,Scincidae
Pygopus,Pygopodidae
Python,Pythonidae
Pythonodipsas,Pseudaspididae
Quedenfeldtia,Sphaerodactylidae
Rabdion,Colubridae
Raclitia,Homalopsidae
Ramigekko,Gekkonidae
Ramphotyphlops,Typhlopidae
Rankinia,Agamidae
Regina,Colubridae
Rena,Leptotyphlopidae
Rhabdophis,Colubridae
Rhabdops,Colubridae
Rhachidelus,Colubridae
Rhachisaurus,Gymnophthalmidae
Rhacodactylus,Diplodactylidae
Rhadinaea,Colubridae
Rhadinella,Colubridae
Rhadinophanes,Colubridae
Rhagerhis,Lamprophiidae
Rhamnophis,Colubridae
Rhamphiophis,Psammophiidae
Rhampholeon,Chamaeleonidae
Rhinechis,Colubridae
Rhineura,Rhineuridae
Rhinobothryum,Colubridae
Rhinocheilus,Colubridae
Rhinogecko,Gekkonidae
Rhinoleptus,Leptotyphlopidae
Rhinophis,Uropeltidae
Rhinoplocephalus,Elapidae
Rhinotyphlops,Typhlopidae
Rhoptropella,Gekkonidae
Rhoptropus,Gekkonidae
Rhynchocalamus,Colubridae
Rhynchoedura,Diplodactylidae
Riama,Gymnophthalmidae
Rieppeleon,Chamaeleonidae
Riolama,Gymnophthalmidae
Ristella,Scincidae
Rodriguesophis,Colubridae
Saara,Agamidae
Saiphos,Scincidae
Salea,Agamidae
Salomonelaps,Elapidae
Saltuarius,Carphodactylidae
Salvadora,Colubridae
Salvator,Teiidae
Sanzinia,Boidae
Saphenophis,Colubridae
Saproscincus,Scincidae
Saurodactylus,Sphaerodactylidae
Sauromalus,Iguanidae
Scaphiodontophis,Colubridae
Scaphiophis,Colubridae
Scelarcis,Lacertidae
Sceloporus,Phrynosomatidae
Scelotes,Scincidae
Scincella,Scincidae
Scincopus,Scincidae
Scincus,Scincidae
Scolecophis,Colubridae
Scolecoseps,Scincidae
Scriptosaura,Gymnophthalmidae
Seminatrix,Colubridae
Senticolis,Colubridae
Sepsina,Scincidae
Sepsophis,Scincidae
Shinisaurus,Shinisauridae
Siagonodon,Leptotyphlopidae
Sibon,Colubridae
Sibynomorphus,Colubridae
Sibynophis,Colubridae
Sigaloseps,Scincidae
Silvascincus,Scincidae
Simalia,Pythonidae
Simiscincus,Scincidae
Simophis,Colubridae
Simoselaps,Elapidae
Sinomicrurus,Elapidae
Sinonatrix,Colubridae
Siphlophis,Colubridae
Sirenoscincus,Scincidae
Sistrurus,Viperidae
Sitana,Agamidae
Smaug,Cordylidae
Sonora,Colubridae
Sordellina,Colubridae
Spalerosophis,Colubridae
Sphaerodactylus,Sphaerodactylidae
Sphenodon,Sphenodontidae
Sphenomorphus,Scincidae
Spilotes,Colubridae
Spondylurus,Scincidae
Stegonotus,Colubridae
Stellagama,Agamidae
Stenocercus,Tropiduridae
Stenodactylus,Gekkonidae
Stenolepis,Gymnophthalmidae
Stenorrhina,Colubridae
Stichophanes,Colubridae
Stoliczkia,Xenodermidae
Storeria,Colubridae
Strobilurus,Tropiduridae
Strophurus,Diplodactylidae
Subsessor,Homalopsidae
Sumatranus,Homalopsidae
Suta,Elapidae
Symphimus,Colubridae
Sympholis,Colubridae
Synophis,Colubridae
Tachygyia,Scincidae
Tachymenis,Colubridae
Taeniophallus,Colubridae
Takydromus,Lacertidae
Tantalophis,Colubridae
Tantilla,Colubridae
Tantillita,Colubridae
Tarentola,Phyllodactylidae
Techmarscincus,Scincidae
Teira,Lacertidae
Teius,Teiidae
Telescopus,Colubridae
Tenuidactylus,Gekkonidae
Teratoscincus,Sphaerodactylidae
Teretrurus,Uropeltidae
Tetracheilostoma,Leptotyphlopidae
Tetradactylus,Gerrhosauridae
Tetralepis,Colubridae
Teuchocercus,Gymnophthalmidae
Thalassophis,Elapidae
Thalesius,Colubridae
Thamnodynastes,Colubridae
Thamnophis,Colubridae
Thamnosophis,Pseudoxyrhophiidae
Thaumatorhynchus,Agamidae
Thecadactylus,Phyllodactylidae
Thelotornis,Colubridae
Thermophis,Colubridae
Thrasops,Colubridae
Tiliqua,Scincidae
Timon,Lacertidae
Tomodon,Colubridae
Toropuku,Diplodactylidae
Toxicocalamus,Elapidae
Toxicodryas,Colubridae
Tracheloptychus,Gerrhosauridae
Trachischium,Colubridae
Trachyboa,Tropidophiidae
Trachylepis,Scincidae
Trapelus,Agamidae
Tretanorhinus,Colubridae
Tretioscincus,Gymnophthalmidae
Tribolonotus,Scincidae
Tricheilostoma,Leptotyphlopidae
Trilepida,Leptotyphlopidae
Trimeresurus,Viperidae
Trimetopon,Colubridae
Trimorphodon,Colubridae
Trioceros,Chamaeleonidae
Trogonophis,Trogonophidae
Tropidechis,Elapidae
Tropidoclonion,Colubridae
Tropidodipsas,Colubridae
Tropidodryas,Colubridae
Tropidolaemus,Viperidae
Tropidonophis,Colubridae
Tropidophis,Tropidophiidae
Tropidophorus,Scincidae
Tropidosaura,Lacertidae
Tropidoscincus,Scincidae
Tropidurus,Tropiduridae
Tropiocolotes,Gekkonidae
Tukutuku,Diplodactylidae
Tumbunascincus,Scincidae
Tupinambis,Teiidae
Tympanocryptis,Agamidae
Typhlacontias,Scincidae
Typhlophis,Anomalepididae
Typhlops,Typhlopidae
Typhlosaurus,Scincidae
Tytthoscincus,Scincidae
Uma,Phrynosomatidae
Underwoodisaurus,Carphodactylidae
Ungaliophis,Boidae
Uracentron,Tropiduridae
Uranoscodon,Tropiduridae
Urocotyledon,Gekkonidae
Uromacer,Colubridae
Uromacerina,Colubridae
Uromastyx,Agamidae
Uropeltis,Uropeltidae
Uroplatus,Gekkonidae
Urosaurus,Phrynosomatidae
Urostrophus,Leiosauridae
Urotheca,Colubridae
Uta,Phrynosomatidae
Uvidicolus,Carphodactylidae
Vanzosaura,Gymnophthalmidae
Varanus,Varanidae
Varzea,Scincidae
Vermicella,Elapidae
Vhembelacerta,Lacertidae
Vietnascincus,Scincidae
Vipera,Viperidae
Virginia,Colubridae
Voeltzkowia,Scincidae
Walterinnesia,Elapidae
Woodworthia,Diplodactylidae
Xantusia,Xantusiidae
Xenagama,Agamidae
Xenelaphis,Colubridae
Xenocalamus,Atractaspididae
Xenochrophis,Colubridae
Xenodermus,Xenodermidae
Xenodon,Colubridae
Xenopeltis,Xenopeltidae
Xenophidion,Xenophidiidae
Xenopholis,Colubridae
Xenosaurus,Xenosauridae
Xenotyphlops,Xenotyphlopidae
Xerotyphlops,Typhlopidae
Xyelodontophis,Colubridae
Xylophis,Pareidae
Zamenis,Colubridae
Zonosaurus,Gerrhosauridae
Zootoca,Lacertidae
Zygaspis,Amphisbaenidae
Chersydrus,Acrochordidae
Acanthosaurus,Agamidae
Aporoscelis,Agamidae
Arpephorus,Agamidae
Barycephalus,Agamidae
Biancia,Agamidae
Calotella,Agamidae
Centrocercus,Agamidae
Centrotrachelus,Agamidae
Charasia,Agamidae
Cristidorsa,Agamidae
Dilophyrus,Agamidae
Diploderma,Agamidae
Diporophora,Agamidae
Diptychodera,Agamidae
Draci,Agamidae
Dracontoidis,Agamidae
Dracunculus,Agamidae
Galeotes,Agamidae
Gindalia,Agamidae
Goniocephalus,Agamidae
Gonyocephalus,Agamidae
Gowidon,Agamidae
Grammathophora,Agamidae
Grammatophora,Agamidae
Histiurus,Agamidae
Hylagama,Agamidae
Istiturus,Agamidae
Istiurus,Agamidae
Lophosalea,Agamidae
Lophosaurus,Agamidae
Lophura,Agamidae
Lophyrus,Agamidae
Macrops,Agamidae
Malayodracon,Agamidae
Mecolepis,Agamidae
Microauris,Agamidae
Monilesaurus,Agamidae
Oreocalotes,Agamidae
Oreodeira,Agamidae
Oriotiaris,Agamidae
Paracalotes,Agamidae
Pelturagonia,Agamidae
Phrynopsis,Agamidae
Redtenbacheria,Agamidae
Sarada,Agamidae
Saura,Agamidae
Tiaris,Agamidae
Tropicagama,Agamidae
Uromastix,Agamidae
Uromastrix,Agamidae
Wittenagama,Agamidae
Alligator,Alligatoridae
Caiman,Alligatoridae
Champsa,Alligatoridae
Jacare,Alligatoridae
Jacaretinga,Alligatoridae
Melanosuchus,Alligatoridae
Paleosuchus,Alligatoridae
Perosuchus,Alligatoridae
Diastemalepis,Alopoglossidae
Gonioptychus,Alopoglossidae
Lepidosoma,Alopoglossidae
Amphisaena,Amphisbaenidae
Amphisbaenula,Amphisbaenidae
Anops,Amphisbaenidae
Aporarchus,Amphisbaenidae
Aulura,Amphisbaenidae
Bronia,Amphisbaenidae
Cephalopeltis,Amphisbaenidae
Cercolophia,Amphisbaenidae
Diphalus,Amphisbaenidae
Lepidostenon,Amphisbaenidae
Lepidosternon,Amphisbaenidae
Lepidosternum,Amphisbaenidae
Leposternon,Amphisbaenidae
Ophioproctes,Amphisbaenidae
Phractogonus,Amphisbaenidae
Placogaster,Amphisbaenidae
Shrevea,Amphisbaenidae
Tomuropeltis,Amphisbaenidae
Auriculabronia,Anguidae
Barissia,Anguidae
Hyalosaurus,Anguidae
Ophiseps,Anguidae
Otophis,Anguidae
Pterogasterus,Anguidae
Sheltopusik,Anguidae
Tropidolepis,Anguidae
Cephalolepis,Anomalepididae
Anomalochilus,Anomochilidae
Brachycranion,Atractaspididae
Calamelaps,Atractaspididae
Cynodontophis,Atractaspididae
Elapocalamus,Atractaspididae
Elapops,Atractaspididae
Elaposchema,Atractaspididae
Eucritus,Atractaspididae
Melanelaps,Atractaspididae
Melanocalamus,Atractaspididae
Michaela,Atractaspididae
Michellia,Atractaspididae
Microsoma,Atractaspididae
Miodon,Atractaspididae
Pariaspis,Atractaspididae
Parkerophis,Atractaspididae
Rhinocalamus,Atractaspididae
Uriechis,Atractaspididae
Urobelus,Atractaspididae
Euchirotes,Bipedidae
Hemichirotes,Bipedidae
Boella,Boidae
Channa,Boidae
Chrysenis,Boidae
Constrictor,Boidae
Cusoria,Boidae
Enygrus,Boidae
Epicarsius,Boidae
Erebophis,Boidae
Eryse,Boidae
Euncetes,Boidae
Gongylophis,Boidae
Homalochilus,Boidae
Pelophilus,Boidae
Peropodum,Boidae
Piesigaster,Boidae
Rhoptrura,Boidae
Wenona,Boidae
Xenoboa,Boidae
Xiphosoma,Boidae
Carettochelys,Carettochelyidae
Phyll,Carphodactylidae
Camaeleon,Chamaeleonidae
Cameleo,Chamaeleonidae
Cameleonis,Chamaeleonidae
Chaemelio,Chamaeleonidae
Chamaeleon,Chamaeleonidae
Chameleo,Chamaeleonidae
Diceros,Chamaeleonidae
Dicranosaura,Chamaeleonidae
Ensirostris,Chamaeleonidae
Leandria,Chamaeleonidae
Lophosaura,Chamaeleonidae
Microsaura,Chamaeleonidae
Rhampholeo,Chamaeleonidae
Acanthochelys,Chelidae
Batrachemys,Chelidae
Chelodina,Chelidae
Chelus,Chelidae
Chelymys,Chelidae
Elseya,Chelidae
Elusor,Chelidae
Emydura,Chelidae
Euchelymys,Chelidae
Hydraspis,Chelidae
Hydromedusa,Chelidae
Macrochelodina,Chelidae
Mesoclemmys,Chelidae
Myuchelys,Chelidae
Phrynops,Chelidae
Platemys,Chelidae
Pseudemydura,Chelidae
Rheodytes,Chelidae
Rhinemys,Chelidae
Spatulemys,Chelidae
Tropicochelymys,Chelidae
Wollumbinia,Chelidae
Caouana,Cheloniidae
Caretta,Cheloniidae
Cephalochelys,Cheloniidae
Chelonia,Cheloniidae
Eretmochelys,Cheloniidae
Euchelus,Cheloniidae
Lepidochelys,Cheloniidae
Mydas,Cheloniidae
Natator,Cheloniidae
Onychochelys,Cheloniidae
Thalassiochelys,Cheloniidae
Thalassochelys,Cheloniidae
Chelonura,Chelydridae
Chelydra,Chelydridae
Devisia,Chelydridae
Emysaurus,Chelydridae
Macrochelys,Chelydridae
Ablabes,Colubridae
Acontiophis,Colubridae
Adelphicus,Colubridae
Adiastema,Colubridae
Aepidea,Colubridae
Agrophis,Colubridae
Ahaetula,Colubridae
Alleidophis,Colubridae
Alopecophis,Colubridae
Amblycephalus,Colubridae
Amblymetopon,Colubridae
Anodon,Colubridae
Anoplodipsas,Colubridae
Anoplophallus,Colubridae
Antillophis,Colubridae
Aporophis,Colubridae
Aproaspidops,Colubridae
Aproterodon,Colubridae
Arcanumophis,Colubridae
Atomarchus,Colubridae
Atractopsis,Colubridae
Baliodryas,Colubridae
Barbourina,Colubridae
Bascanion,Colubridae
Bascanium,Colubridae
Bergenia,Colubridae
Brachyruton,Colubridae
Bucephalus,Colubridae
Calamodon,Colubridae
Callirhinus,Colubridae
Callopeltis,Colubridae
Callopistria,Colubridae
Calopisma,Colubridae
Camphibolurus,Colubridae
Cantonophis,Colubridae
Catostoma,Colubridae
Celuta,Colubridae
Cenaspis,Colubridae
Cerates,Colubridae
Cercaspis,Colubridae
Chamaetortus,Colubridae
Changulia,Colubridae
Charlespiersonserpens,Colubridae
Cheilorhina,Colubridae
Chilopoma,Colubridae
Chlorophis,Colubridae
Chlorosoma,Colubridae
Churchillia,Colubridae
Cloelia,Colubridae
Clorophis,Colubridae
Cochliophagus,Colubridae
Colobognathus,Colubridae
Colophrys,Colubridae
Colorhogia,Colubridae
Comastes,Colubridae
Compsosoma,Colubridae
Coryphodon,Colubridae
Couleuvre,Colubridae
Crypsidomus,Colubridae
Cryptodacus,Colubridae
Cynophis,Colubridae
Darlingtonia,Colubridae
Dendrophidium,Colubridae
Dendrophis,Colubridae
Dinodon,Colubridae
Dipeltophis,Colubridae
Diplotropis,Colubridae
Dipsadoides,Colubridae
Dipsadomorphus,Colubridae
Dipsadomorus,Colubridae
Dipsadophidium,Colubridae
Dipsodomorphus,Colubridae
Dipsodomorus,Colubridae
Dipsus,Colubridae
Dirosema,Colubridae
Dirrhox,Colubridae
Disas,Colubridae
Drepanodon,Colubridae
Dromicus,Colubridae
Dryadophis,Colubridae
Dryinus,Colubridae
Dryiophis,Colubridae
Dryophis,Colubridae
Dryophylax,Colubridae
Elaphis,Colubridae
Elapochrus,Colubridae
Elapodis,Colubridae
Elapoides,Colubridae
Elapomojus,Colubridae
Eminophis,Colubridae
Enicognathus,Colubridae
Eremiophis,Colubridae
Eridiphas,Colubridae
Etairejus,Colubridae
Eteirodipsas,Colubridae
Eudryas,Colubridae
Eumesodon,Colubridae
Europhrys,Colubridae
Eurypholis,Colubridae
Eutaenia,Colubridae
Eutainia,Colubridae
Falconeria,Colubridae
Fleischmannia,Colubridae
Fowlea,Colubridae
Galedon,Colubridae
Gastropyxis,Colubridae
Geophidium,Colubridae
Geoptyas,Colubridae
Gerrhosteus,Colubridae
Glaphyrophis,Colubridae
Haemorrhois,Colubridae
Haldea,Colubridae
Haplocercus,Colubridae
Haplonodon,Colubridae
Helicopsoides,Colubridae
Hemigenius,Colubridae
Henicognathus,Colubridae
Herbertophis,Colubridae
Herpetaethiops,Colubridae
Heterorhachis,Colubridae
Himantodes,Colubridae
Holarchus,Colubridae
Homalocranion,Colubridae
Homalocranium,Colubridae
Homolopsis,Colubridae
Hurria,Colubridae
Idiopholis,Colubridae
Incaspis,Colubridae
Isanophis,Colubridae
Isoscelis,Colubridae
Katophis,Colubridae
Keiometopon,Colubridae
Lamprosoma,Colubridae
Leimadophis,Colubridae
Lepidocephalus,Colubridae
Lepidognathus,Colubridae
Leptocalamus,Colubridae
Leptodira,Colubridae
Leptognathus,Colubridae
Leptophidium,Colubridae
Liodytes,Colubridae
Lioninia,Colubridae
Liophis,Colubridae
Liparophis,Colubridae
Lycognathus,Colubridae
Lystrophis,Colubridae
Macrophis,Colubridae
Macropophis,Colubridae
Maculophis,Colubridae
Masticophis,Colubridae
Megalops,Colubridae
Mesopeltis,Colubridae
Mesotes,Colubridae
Microdromus,Colubridae
Microphis,Colubridae
Microps,Colubridae
Migiurtinophis,Colubridae
Mimometopon,Colubridae
Mizodon,Colubridae
Mopanveldophis,Colubridae
Morenoa,Colubridae
Muhtarophis,Colubridae
Natirx,Colubridae
Neopareas,Colubridae
Neusterophis,Colubridae
Nymphodidium,Colubridae
Odontomus,Colubridae
Ogmius,Colubridae
Oligolepis,Colubridae
Olisthenes,Colubridae
Opheomorphus,Colubridae
Ophibolus,Colubridae
Ophis,Colubridae
Ophites,Colubridae
Opisthiodon,Colubridae
Opisthoplus,Colubridae
Oreophis,Colubridae
Oxyrhina,Colubridae
Oxyrrhopus,Colubridae
Padangia,Colubridae
Palusophis,Colubridae
Pappophis,Colubridae
Paraphrynonax,Colubridae
Paraptychophis,Colubridae
Paratychophis,Colubridae
Paroxyrhopus,Colubridae
Pelias,Colubridae
Pelophis,Colubridae
Periops,Colubridae
Persiophis,Colubridae
Petalognathus,Colubridae
Phimothyra,Colubridae
Phrydops,Colubridae
Phrynonax,Colubridae
Phyllophis,Colubridae
Phyllosira,Colubridae
Pityophis,Colubridae
Plagiodon,Colubridae
Platyinion,Colubridae
Pleiocercus,Colubridae
Pogonaspis,Colubridae
Proahaetulla,Colubridae
Proboscidophis,Colubridae
Procinura,Colubridae
Procteria,Colubridae
Proterodon,Colubridae
Prymnomiodon,Colubridae
Pseudagkistrodon,Colubridae
Pseudoclelia,Colubridae
Pseudocyclophis,Colubridae
Pseudopareas,Colubridae
Pseudorhabdium,Colubridae
Pseudotarbophis,Colubridae
Pseudouromacer,Colubridae
Rabdosoma,Colubridae
Rachiodon,Colubridae
Rhabdosoma,Colubridae
Rhadinophis,Colubridae
Rhegnops,Colubridae
Rhinaspis,Colubridae
Rhinobothrium,Colubridae
Rhinodryas,Colubridae
Rhinosimus,Colubridae
Rhinostoma,Colubridae
Rhynchonyx,Colubridae
Rhynchophis,Colubridae
Schmidtophis,Colubridae
Scoliophis,Colubridae
Scotophis,Colubridae
Scytale,Colubridae
Simotes,Colubridae
Smithophis,Colubridae
Spaniopholis,Colubridae
Sphecodes,Colubridae
Sphenocalamus,Colubridae
Stenorhabdium,Colubridae
Stenorhina,Colubridae
Stilosoma,Colubridae
Streptophorus,Colubridae
Styporhynchus,Colubridae
Styporhyncus,Colubridae
Sympeltophis,Colubridae
Synchalinus,Colubridae
Tachynectes,Colubridae
Tachyplotus,Colubridae
Taeniophis,Colubridae
Tapinophis,Colubridae
Tarbophis,Colubridae
Teleolepis,Colubridae
Toluca,Colubridae
Tragophis,Colubridae
Tragops,Colubridae
Trasops,Colubridae
Triaeniopholis,Colubridae
Triglyphodon,Colubridae
Trigonocephalus,Colubridae
Trigonophis,Colubridae
Trimerodytes,Colubridae
Trirhinopholis,Colubridae
Tropidoclonium,Colubridae
Tropidonotus,Colubridae
Tropidophidion,Colubridae
Typhlocalamus,Colubridae
Typhlogeophis,Colubridae
Tyria,Colubridae
Tytleria,Colubridae
Ulupe,Colubridae
Umbrivaga,Colubridae
Wallaceophis,Colubridae
Xenoxybelis,Colubridae
Xenurophis,Colubridae
Zacholus,Colubridae
Zamenophis,Colubridae
Zamensis,Colubridae
Zaocys,Colubridae
Calyptoprymnus,Cordylidae
Cricochalcis,Cordylidae
Mancus,Cordylidae
Zonurus,Cordylidae
Chamaeleopsis,Corytophanidae
Cristasaurus,Corytophanidae
Dactylocalotes,Corytophanidae
Ophryessa,Corytophanidae
Ptenosaura,Corytophanidae
Crocodylus,Crocodylidae
Halcrosia,Crocodylidae
Mecistops,Crocodylidae
Oopholis,Crocodylidae
Osteolaemus,Crocodylidae
Tomistoma,Crocodylidae
Cyclochorus,Cyclocoridae
Levitonius,Cyclocoridae
Sténognathe,Cyclocoridae
Stenognathus,Cyclocoridae
Ameiua,Dactyloidae
Anlis,Dactyloidae
Anolius,Dactyloidae
Audantia,Dactyloidae
Chamaeleolis,Dactyloidae
Chamaelinorops,Dactyloidae
Ctenocercus,Dactyloidae
Dactyloa,Dactyloidae
Deiroptyx,Dactyloidae
Diaphoranolis,Dactyloidae
Dracontura,Dactyloidae
Draconura,Dactyloidae
Eupristis,Dactyloidae
Norops,Dactyloidae
Phenacosaurus,Dactyloidae
Placopsis,Dactyloidae
Pseudochamaeleon,Dactyloidae
Rhinosaurus,Dactyloidae
Scytomycterus,Dactyloidae
Xiphocercus,Dactyloidae
Xiphosurus,Dactyloidae
Dermatemys,Dermatemydidae
Limnochelone,Dermatemydidae
Dermatochelys,Dermochelyidae
Dermochelis,Dermochelyidae
Dermochelys,Dermochelyidae
Sphargis,Dermochelyidae
Rhinophidion,Dibamidae
Thyphloscincus,Dibamidae
Typhlina,Dibamidae
Typhloscincus,Dibamidae
Ceramodactylus,Diplodactylidae
Ceratolophus,Diplodactylidae
Chameleonurus,Diplodactylidae
Eremiastrophurus,Diplodactylidae
Eurydactylus,Diplodactylidae
Heteropholis,Diplodactylidae
Oedurella,Diplodactylidae
Platydactylus,Diplodactylidae
Stenodactylopsis,Diplodactylidae
Embryopus,Diploglossidae
Euprepis,Diploglossidae
Macrogongylus,Diploglossidae
Microlepis,Diploglossidae
Panolopus,Diploglossidae
Sauresia,Diploglossidae
Siderolamprus,Diploglossidae
Wetmorena,Diploglossidae
Acalyptophis,Elapidae
Acalyptus,Elapidae
Alecto,Elapidae
Antaioserpens,Elapidae
Apisthocalamus,Elapidae
Apistocalamus,Elapidae
Aspis,Elapidae
Aturia,Elapidae
Boulengerina,Elapidae
Brachyaspis,Elapidae
Brachysoma,Elapidae
Callophis,Elapidae
Cannia,Elapidae
Chitulia,Elapidae
Dendraphis,Elapidae
Dendraspis,Elapidae
Diemansia,Elapidae
Diemenia,Elapidae
Dinophis,Elapidae
Diseira,Elapidae
Disteira,Elapidae
Distira,Elapidae
Doliophis,Elapidae
Drepanodontis,Elapidae
Elapechis,Elapidae
Elapocephalus,Elapidae
Elaps,Elapidae
Enhydrina,Elapidae
Glyphodon,Elapidae
Hamadryas,Elapidae
Hornea,Elapidae
Hydophis,Elapidae
Hypotropis,Elapidae
Kerilia,Elapidae
Labionaris,Elapidae
Lapemis,Elapidae
Leioselasma,Elapidae
Leptomicrurus,Elapidae
Limnonaja,Elapidae
Mainophis,Elapidae
Maticora,Elapidae
Melwardia,Elapidae
Naia,Elapidae
Neelaps,Elapidae
Oceanius,Elapidae
Ophryas,Elapidae
Pailsus,Elapidae
Panacedechis,Elapidae
Paranaja,Elapidae
Pelagophis,Elapidae
Pelamis,Elapidae
Platurus,Elapidae
Polyodontes,Elapidae
Pseudapistocalamus,Elapidae
Pseudelaps,Elapidae
Pseudodisteira,Elapidae
Pseudoelaps,Elapidae
Pseudonaia,Elapidae
Rhinelaps,Elapidae
Rhynchelaps,Elapidae
Rhynchoelaps,Elapidae
Smithsohydrophis,Elapidae
Stephanohydra,Elapidae
Tomogaster,Elapidae
Tomyris,Elapidae
Ultrocalamus,Elapidae
Unechis,Elapidae
Vanapina,Elapidae
Vipere,Elapidae
Actinemys,Emydidae
Chrysemys,Emydidae
Cistuda,Emydidae
Clemmys,Emydidae
Deirochelys,Emydidae
Emys,Emydidae
Geoclemmys,Emydidae
Glyptemys,Emydidae
Graptemys,Emydidae
Hydrochelys,Emydidae
Malaclemmys,Emydidae
Malaclemys,Emydidae
Malacoclemmys,Emydidae
Pseudemys,Emydidae
Ptychemys,Emydidae
Terrapene,Emydidae
Trachemys,Emydidae
Anarbylus,Eublepharidae
Crocodilus,Gavialidae
Gavialis,Gavialidae
Ancylodactylus,Gekkonidae
Ascalabotes,Gekkonidae
Boltalia,Gekkonidae
Bunocnemis,Gekkonidae
Calodactylus,Gekkonidae
Carinatogecko,Gekkonidae
Chiroperus,Gekkonidae
Dactychylikion,Gekkonidae
Dactyloperus,Gekkonidae
Doryura,Gekkonidae
Dravidogecko,Gekkonidae
Emydactylus,Gekkonidae
Garzoniella,Gekkonidae
Gecko,Gekkonidae
Geckoella,Gekkonidae
Gecus,Gekkonidae
Geko,Gekkonidae
Goniodactylus,Gekkonidae
Gonydactylus,Gekkonidae
Hemi-Dactylus,Gekkonidae
Heteronota,Gekkonidae
Homodactylus,Gekkonidae
Hoplopodion,Gekkonidae
Kaokogecko,Gekkonidae
Lakigecko,Gekkonidae
Leiurus,Gekkonidae
Lyperosaurus,Gekkonidae
Microscalabotes,Gekkonidae
Millotisaurus,Gekkonidae
Mimetozoon,Gekkonidae
Nubilia,Gekkonidae
Nycteridium,Gekkonidae
Palmatogecko,Gekkonidae
Parsigecko,Gekkonidae
Pentadactylus,Gekkonidae
Peripia,Gekkonidae
Peropus,Gekkonidae
Phelsumia,Gekkonidae
Phyria,Gekkonidae
Platypholis,Gekkonidae
Pteropleura,Gekkonidae
Puellula,Gekkonidae
Rhacoessa,Gekkonidae
Rhinogekko,Gekkonidae
Scalabotes,Gekkonidae
Spathodactylus,Gekkonidae
Stellio,Gekkonidae
Syndactylosaura,Gekkonidae
Teratolepis,Gekkonidae
Tolarenta,Gekkonidae
Trachydactylus,Gekkonidae
Trigonodactylus,Gekkonidae
Uroplates,Gekkonidae
Vanzoia,Gekkonidae
Velernesia,Gekkonidae
Adelochelys,Geoemydidae
Annamemys,Geoemydidae
Batagur,Geoemydidae
Bellia,Geoemydidae
Brookeia,Geoemydidae
Callagur,Geoemydidae
Callopsis,Geoemydidae
Chaibassia,Geoemydidae
Chelops,Geoemydidae
Chelopus,Geoemydidae
Chinemys,Geoemydidae
Cistoclemmys,Geoemydidae
Cistudo,Geoemydidae
Cuora,Geoemydidae
Cyclemys,Geoemydidae
Damonia,Geoemydidae
Geoclemys,Geoemydidae
Geoemyda,Geoemydidae
Hardella,Geoemydidae
Heosemys,Geoemydidae
Kachuga,Geoemydidae
Leucocephalon,Geoemydidae
Liemys,Geoemydidae
Malayemys,Geoemydidae
Mauremys,Geoemydidae
Melanochelys,Geoemydidae
Morenia,Geoemydidae
Nicoria,Geoemydidae
Notochelys,Geoemydidae
Ocadia,Geoemydidae
Orlitia,Geoemydidae
Pangshura,Geoemydidae
Pyxidea,Geoemydidae
Rhinoclemmys,Geoemydidae
Rhinoclemys,Geoemydidae
Sacalia,Geoemydidae
Siebenrockiella,Geoemydidae
Sternothaerus,Geoemydidae
Tetraonyx,Geoemydidae
Tetronyx,Geoemydidae
Vijayachelys,Geoemydidae
Cicigna,Gerrhosauridae
Paratetradactylus,Gerrhosauridae
Pleurostrichus,Gerrhosauridae
Pleurotuchus,Gerrhosauridae
Saurophis,Gerrhosauridae
Andinosaura,Gymnophthalmidae
Apatelus,Gymnophthalmidae
Argalia,Gymnophthalmidae
Arthroseps,Gymnophthalmidae
Blepharictisis,Gymnophthalmidae
Brachypus,Gymnophthalmidae
Calliscincopus,Gymnophthalmidae
Centrosaura,Gymnophthalmidae
Cercosuarus,Gymnophthalmidae
Chalcidolepis,Gymnophthalmidae
Colobus,Gymnophthalmidae
Dendrosauridion,Gymnophthalmidae
Elaphrosaura,Gymnophthalmidae
Emminia,Gymnophthalmidae
Emphrassotis,Gymnophthalmidae
Epaphelus,Gymnophthalmidae
Euspondilus,Gymnophthalmidae
Gelanesaurus,Gymnophthalmidae
Herpetochalcis,Gymnophthalmidae
Heteroclonium,Gymnophthalmidae
Heterodonium,Gymnophthalmidae
Hylosaurus,Gymnophthalmidae
Kataphraktosaurus,Gymnophthalmidae
Loxopholis,Gymnophthalmidae
Magdalenasaura,Gymnophthalmidae
Mionyx,Gymnophthalmidae
Ophiognomon,Gymnophthalmidae
Opipeuter,Gymnophthalmidae
Oreosaurus,Gymnophthalmidae
Perodactylus,Gymnophthalmidae
Prionodactylus,Gymnophthalmidae
Propus,Gymnophthalmidae
Psilops,Gymnophthalmidae
Rheosaurus,Gymnophthalmidae
Rondonops,Gymnophthalmidae
Scolecosaurus,Gymnophthalmidae
Selvasaura,Gymnophthalmidae
Wilsonosaura,Gymnophthalmidae
Yanomamia,Gymnophthalmidae
Trachyderma,Helodermatidae
Atractocephalus,Homalopsidae
Eurostus,Homalopsidae
Feranioides,Homalopsidae
Hemiodontus,Homalopsidae
Hipistes,Homalopsidae
Hydrodipsas,Homalopsidae
Hydrus,Homalopsidae
Hypsirhina,Homalopsidae
Myanophis,Homalopsidae
Neospades,Homalopsidae
Oxyorrhos,Homalopsidae
Pythonopsis,Homalopsidae
Enyalus,Hoplocercidae
Pachycercus,Hoplocercidae
Aloponotus,Iguanidae
Cachryx,Iguanidae
Chloroscartes,Iguanidae
Ctenosaurus,Iguanidae
Euphryne,Iguanidae
Aromochelys,Kinosternidae
Cinosternon,Kinosternidae
Cinosternum,Kinosternidae
Claudius,Kinosternidae
Goniochelys,Kinosternidae
Kinosternon,Kinosternidae
Kinosternum,Kinosternidae
Monoclida,Kinosternidae
Ozotheca,Kinosternidae
Platythyra,Kinosternidae
Staurotypus,Kinosternidae
Sternotherus,Kinosternidae
Swanka,Kinosternidae
Algira,Lacertidae
Algiroides,Lacertidae
Algyra,Lacertidae
Amystes,Lacertidae
Apeltonotus,Lacertidae
Basutosaura,Lacertidae
Bedriagaia,Lacertidae
Cabrita,Lacertidae
Cabritropsis,Lacertidae
Calosaura,Lacertidae
Gymnops,Lacertidae
Lacertus,Lacertidae
Notopholis,Lacertidae
Ophiops,Lacertidae
Pachyrhynchus,Lacertidae
Pantodactylus,Lacertidae
Platyplacopus,Lacertidae
Podarces,Lacertidae
Pseudophiops,Lacertidae
Scapteira,Lacertidae
Scaptira,Lacertidae
Tachydromus,Lacertidae
Tachysaurus,Lacertidae
Troidosaurus,Lacertidae
Zerzoumia,Lacertidae
Ablabophis,Lamprophiidae
Alopecion,Lamprophiidae
Boodon,Lamprophiidae
Cryptolycus,Lamprophiidae
Glypholycus,Lamprophiidae
Gonionotus,Lamprophiidae
Gracililima,Lamprophiidae
Heterolepis,Lamprophiidae
Holuropholis,Lamprophiidae
Limaformosa,Lamprophiidae
Lycophidium,Lamprophiidae
Lydodon,Lamprophiidae
Mehelya,Lamprophiidae
Nerophidion,Lamprophiidae
Oophilositum,Lamprophiidae
Pachyophis,Lamprophiidae
Simocephalus,Lamprophiidae
Hispaniolus,Leiocephalidae
Holotropis,Leiocephalidae
Liocephalus,Leiocephalidae
Pristinotus,Leiocephalidae
Aporopristis,Leiosauridae
Aptycholaemus,Leiosauridae
Cupriguanus,Leiosauridae
Garbesaura,Leiosauridae
Liosaurus,Leiosauridae
Catadon,Leptotyphlopidae
Catodon,Leptotyphlopidae
Glauconia,Leptotyphlopidae
Habrophallos,Leptotyphlopidae
Leptotypheops,Leptotyphlopidae
Plauconia,Leptotyphlopidae
Rhinoguinea,Leptotyphlopidae
Stenostoma,Leptotyphlopidae
Centrura,Liolaemidae
Chrysosaurus,Liolaemidae
Ctenoblepharis,Liolaemidae
Eulaemus,Liolaemidae
Helocephalus,Liolaemidae
Leiodera,Liolaemidae
Ortholaemus,Liolaemidae
Pelusaurus,Liolaemidae
Phrynosaura,Liolaemidae
Proctotrète,Liolaemidae
Proctotretus,Liolaemidae
Saccodeira,Liolaemidae
Troidurus,Liolaemidae
Vilcunia,Liolaemidae
Plastoseryx,Loxocemidae
Hoplurus,Opluridae
Tropidogaster,Opluridae
Eberhardtia,Pareidae
Internatus,Pareidae
Pares,Pareidae
Platypteryx,Pareidae
Pelomedusa,Pelomedusidae
Pelusios,Pelomedusidae
Pentonix,Pelomedusidae
Pentonyx,Pelomedusidae
Anota,Phrynosomatidae
Doliosaurus,Phrynosomatidae
Homalosaurus,Phrynosomatidae
Homolosaurus,Phrynosomatidae
Lopherpes,Phrynosomatidae
Lysoptychus,Phrynosomatidae
Phrjtiosoma,Phrynosomatidae
Phymatolepis,Phrynosomatidae
Sator,Phrynosomatidae
Tapaya,Phrynosomatidae
Bogertia,Phyllodactylidae
Cubinia,Phyllodactylidae
Discodactylus,Phyllodactylidae
Geckonia,Phyllodactylidae
Wallsaurus,Phyllodactylidae
Platysternon,Platysternidae
Bartlettia,Podocnemididae
Erymnochelys,Podocnemididae
Peltocephalus,Podocnemididae
Podocnemis,Podocnemididae
Polychroides,Polychrotidae
Asthenophis,Prosymnidae
Ligonirostra,Prosymnidae
Pseudoprosymna,Prosymnidae
Temnorhynchus,Prosymnidae
Amphiophis,Psammophiidae
Chorisodon,Psammophiidae
Coelopeltis,Psammophiidae
Dromophis,Psammophiidae
Kladirostratus,Psammophiidae
Mike,Psammophiidae
Phayrea,Psammophiidae
Rhabdodon,Psammophiidae
Rhagerrhis,Psammophiidae
Trimerorhinus,Psammophiidae
Anisodon,Pseudaspididae
Cadnus,Pseudaspididae
Ophirhina,Pseudaspididae
Cyclophis,Pseudoxyrhophiidae
Dakaria,Pseudoxyrhophiidae
Herpetodryas,Pseudoxyrhophiidae
Heterurus,Pseudoxyrhophiidae
Homalocephalus,Pseudoxyrhophiidae
Homalosoma,Pseudoxyrhophiidae
Idiophis,Pseudoxyrhophiidae
Lioheterodon,Pseudoxyrhophiidae
Perinetia,Pseudoxyrhophiidae
Polyodontophis,Pseudoxyrhophiidae
Rhabdotophis,Pseudoxyrhophiidae
Stenophis,Pseudoxyrhophiidae
Wernerodakaria,Pseudoxyrhophiidae
Aclys,Pygopodidae
Alopecosaurus,Pygopodidae
Cryptodelma,Pygopodidae
Ophioseps,Pygopodidae
Pseudodelma,Pygopodidae
Apodora,Pythonidae
Aspidiotes,Pythonidae
Aspidopython,Pythonidae
Broghammerus,Pythonidae
Chondropython,Pythonidae
Heleionomus,Pythonidae
Hypaspistes,Pythonidae
Katrinus,Pythonidae
Montypythonoides,Pythonidae
Nardoa,Pythonidae
Nyctophilopython,Pythonidae
Ablepharis,Scincidae
Acontophiops,Scincidae
Acritoscincus,Scincidae
Allengreerus,Scincidae
Alpinoscincus,Scincidae
Anisoterma,Scincidae
Anotis,Scincidae
Apterygodon,Scincidae
Arenicolascincus,Scincidae
Aspris,Scincidae
Aulacoplax,Scincidae
Austroablepharus,Scincidae
Blepharosteres,Scincidae
Brachydactylus,Scincidae
Brachyseps,Scincidae
Caesoris,Scincidae
Campsodactylus,Scincidae
Carinascincus,Scincidae
Chelomeles,Scincidae
Chiamela,Scincidae
Claireascincus,Scincidae
Coloscincus,Scincidae
Contundo,Scincidae
Cophoscincus,Scincidae
Costinisauria,Scincidae
Cryptoposcincus,Scincidae
Cyclodina,Scincidae
Cyclodus,Scincidae
Davewakeum,Scincidae
Dumerilia,Scincidae
Elania,Scincidae
Emoa,Scincidae
Emoea,Scincidae
Enoplosaurus,Scincidae
Epibator,Scincidae
Eumoia,Scincidae
Euprepes,Scincidae
Eupressis,Scincidae
Eupretes,Scincidae
Eurepis,Scincidae
Evesia,Scincidae
Flexiseps,Scincidae
Gnypetoscincus,Scincidae
Gongylus,Scincidae
Grandidierina,Scincidae
Hagria,Scincidae
Hemipodion,Scincidae
Hemispheriodon,Scincidae
Heremites,Scincidae
Herpetosaura,Scincidae
Herpetoseps,Scincidae
Heteromeles,Scincidae
Heteropus,Scincidae
Hinulia,Scincidae
Hombronia,Scincidae
Homolepida,Scincidae
Hortonia,Scincidae
Kuniesaurus,Scincidae
Lamprosaurus,Scincidae
Lissonota,Scincidae
Lithophilus,Scincidae
Livorimica,Scincidae
Lubuya,Scincidae
Lygosaurus,Scincidae
Lygosomella,Scincidae
Mabouia,Scincidae
Mabouya,Scincidae
Mabuia,Scincidae
Miculia,Scincidae
Minervascincus,Scincidae
Mocoa,Scincidae
Myophila,Scincidae
Neoseps,Scincidae
Nodorha,Scincidae
Norbea,Scincidae
Nubeoscincus,Scincidae
Omolepida,Scincidae
Ornithuroscincus,Scincidae
Palaia,Scincidae
Parachalcides,Scincidae
Paralipinia,Scincidae
Paralygosoma,Scincidae
Phaeoscincus,Scincidae
Phaneropis,Scincidae
Phasmasaurus,Scincidae
Pholeophilus,Scincidae
Plistodon,Scincidae
Podophis,Scincidae
Praeteropus,Scincidae
Rhodona,Scincidae
Riopa,Scincidae
Ronia,Scincidae
Sauroscincus,Scincidae
Scinc,Scincidae
Scincodipus,Scincidae
Sclncus,Scincidae
Senira,Scincidae
Sepomorphus,Scincidae
Seps,Scincidae
Sepsiscus,Scincidae
Siaphos,Scincidae
Siaphus,Scincidae
Silubosaurus,Scincidae
Soridia,Scincidae
Sphenocephalus,Scincidae
Sphenops,Scincidae
Sphenosoma,Scincidae
Subdoluseps,Scincidae
Toenayar,Scincidae
Trachydosaurus,Scincidae
Trachysaurus,Scincidae
Tridactylus,Scincidae
Tropidolepisma,Scincidae
Tropidolopisma,Scincidae
Typhline,Scincidae
Typhloseps,Scincidae
Zeusius,Scincidae
Zygnidopsis,Scincidae
Zygnis,Scincidae
Zygnopsis,Scincidae
Geisopristurus,Sphaerodactylidae
Idiodactylus,Sphaerodactylidae
Lathrogecko,Sphaerodactylidae
Spatalura,Sphaerodactylidae
Sphaeriodactylus,Sphaerodactylidae
Spliacrodactylus,Sphaerodactylidae
Hatteria,Sphenodontidae
Acrantus,Teiidae
Am,Teiidae
Ameiiva,Teiidae
Amiva,Teiidae
Aporomera,Teiidae
Centropyx,Teiidae
Glaucomastix,Teiidae
Laacerta,Teiidae
Monitor,Teiidae
Pholidoscelis,Teiidae
Podinema,Teiidae
Tejovaranus,Teiidae
Tejus,Teiidae
Thorictis,Teiidae
Tiaporus,Teiidae
Verticaria,Teiidae
Agrionemys,Testudinidae
Aldabrachelys,Testudinidae
Astrochelys,Testudinidae
Centrochelys,Testudinidae
Chelonoidis,Testudinidae
Chersina,Testudinidae
Chersine,Testudinidae
Chersinella,Testudinidae
Chersobius,Testudinidae
Cinixys,Testudinidae
Dipsochelys,Testudinidae
Furculachelys,Testudinidae
Geochelone,Testudinidae
Gopherus,Testudinidae
Homopus,Testudinidae
Indotestudo,Testudinidae
Kinixys,Testudinidae
Madakinixys,Testudinidae
Malacochersus,Testudinidae
Manouria,Testudinidae
Peltastes,Testudinidae
Psammobates,Testudinidae
Pseudomopus,Testudinidae
Pyxis,Testudinidae
Pyxoides,Testudinidae
Stigmochelys,Testudinidae
Teleopus,Testudinidae
Testudo,Testudinidae
Testuod,Testudinidae
Xerobates,Testudinidae
Amyda,Trionychidae
Apalone,Trionychidae
Aspidochelys,Trionychidae
Aspidonectes,Trionychidae
Aspilus,Trionychidae
Baikiea,Trionychidae
Ceramopelta,Trionychidae
Chitra,Trionychidae
Cinctisternum,Trionychidae
Coptopelta,Trionychidae
Cryptopus,Trionychidae
Cyclanorbis,Trionychidae
Cyclanosteus,Trionychidae
Cycloderma,Trionychidae
Dogania,Trionychidae
Emyda,Trionychidae
Fordia,Trionychidae
Gomphopelta,Trionychidae
Gymnopus,Trionychidae
Landemania,Trionychidae
Lissemys,Trionychidae
Nilssonia,Trionychidae
Oscaria,Trionychidae
Palea,Trionychidae
Pelochelys,Trionychidae
Pelodiscus,Trionychidae
Platypeltis,Trionychidae
Potamochelys,Trionychidae
Psilognathus,Trionychidae
Rafetus,Trionychidae
Temnognathus,Trionychidae
Tetrathyra,Trionychidae
Tortisternum,Trionychidae
Trionys,Trionychidae
Trionyx,Trionychidae
Tyrse,Trionychidae
Yuen,Trionychidae
Leionotus,Tropidophiidae
Ungalia,Tropidophiidae
Ungualia,Tropidophiidae
Brachysaurus,Tropiduridae
Doryphorus,Tropiduridae
Hyperanodon,Tropiduridae
Hypsibatus,Tropiduridae
Laemopristus,Tropiduridae
Microphractus,Tropiduridae
Ophryoessoides,Tropiduridae
Platynotus,Tropiduridae
Scartiscus,Tropiduridae
Scelotrema,Tropiduridae
Steirolepis,Tropiduridae
Tapinurus,Tropiduridae
Taraguira,Tropiduridae
Trachycyclus,Tropiduridae
Tropidocephalus,Tropiduridae
Uraniscodon,Tropiduridae
Urocentrum,Tropiduridae
Altmantyphlops,Typhlopidae
Antillotyphlops,Typhlopidae
Cubatyphlops,Typhlopidae
Meditoria,Typhlopidae
Onychocephalus,Typhlopidae
Onychophis,Typhlopidae
Ophthalmidion,Typhlopidae
Ophthalmidium,Typhlopidae
Rhamphotyphlops,Typhlopidae
Sundatyphlops,Typhlopidae
Tortrix,Typhlopidae
Tphlops,Typhlopidae
Tyyphiops,Typhlopidae
Dapatnaya,Uropeltidae
Mitylia,Uropeltidae
Mytilia,Uropeltidae
Pseudoplectrurus,Uropeltidae
Pseudo-Typhlops,Uropeltidae
Silybura,Uropeltidae
Wallia,Uropeltidae
Odatria,Varanidae
Pantherosaurus,Varanidae
Psammosaurus,Varanidae
Tup,Varanidae
Uaranus,Varanidae
Acridophaga,Viperidae
Ancistrodon,Viperidae
Atropophis,Viperidae
Atropos,Viperidae
Bothriopsis,Viperidae
Bothrophis,Viperidae
Botrops,Viperidae
Caudisona,Viperidae
Cenchris,Viperidae
Ceratrimeresurus,Viperidae
Chersea,Viperidae
Clotho,Viperidae
Cobra,Viperidae
Cophias,Viperidae
Craspedocephalus,Viperidae
Crotalinus,Viperidae
Crotalophorus,Viperidae
Cryptelytrops,Viperidae
Dinodipsas,Viperidae
Distichurus,Viperidae
Echidna,Viperidae
Halys,Viperidae
Heterophis,Viperidae
Magaera,Viperidae
Megaera,Viperidae
Metlapilcoatlus,Viperidae
Parias,Viperidae
Poecilostolus,Viperidae
Popeia,Viperidae
Rhinocerophis,Viperidae
Scythale,Viperidae
Sepedon,Viperidae
Sinovipera,Viperidae
Thamnocenchris,Viperidae
Thanatophis,Viperidae
Thanatos,Viperidae
Toxicoa,Viperidae
Triceratolepidophis,Viperidae
Trimesurus,Viperidae
Urosophus,Viperidae
Akleistops,Xantusiidae
Gaigeia,Xantusiidae
Lepidophynia,Xantusiidae
Poriodogaster,Xantusiidae
Achalinopsis,Xenodermidae
Ophielaps,Xenodermidae
Stoliczkaia,Xenodermidae
Cryptophidion,Xenopeltidae
Cubina,Xenosauridae
Angolosaurus,Gerrhosauridae
Caimanops,Agamidae
Emydoidea,Emydidae
Flaviemys,Chelidae
Incongruelaps,Elapidae
Mictopholis,Agamidae
Parotosaurus,Scincidae
Psilosemys,Emydidae
Wilburemys,Emydidae
